image_id,Contrast
post499_img5.jpg,HIGH
post499_img2.jpg,HIGH
post486_img1.jpg,HIGH
post490_img1.jpg,LOW
post492_img3.jpg,HIGH
post492_img7.jpg,HIGH
post492_img2.jpg,HIGH
post492_img9.jpg,HIGH
post492_img8.jpg,HIGH
post492_img10.jpg,HIGH
post492_img6.jpg,HIGH
post492_img5.jpg,HIGH
post492_img1.jpg,HIGH
post492_img4.jpg,HIGH
post485_img1.jpg,HIGH
post483_img1.jpg,HIGH
post483_img2.jpg,HIGH
post483_img5.jpg,HIGH
post483_img6.jpg,HIGH
post483_img4.jpg,HIGH
post483_img3.jpg,HIGH
post482_img1.jpg,HIGH
post474_img1.jpg,HIGH
post474_img2.jpg,LOW
post479_img1.jpg,LOW
post473_img1.jpg,HIGH
post473_img2.jpg,HIGH
post471_img1.jpg,HIGH
post471_img3.jpg,HIGH
post471_img2.jpg,HIGH
post471_img4.jpg,HIGH
post471_img5.jpg,HIGH
post478_img1.jpg,HIGH
post478_img4.jpg,HIGH
post478_img6.jpg,HIGH
post478_img5.jpg,HIGH
post478_img7.jpg,HIGH
post478_img3.jpg,HIGH
post478_img2.jpg,HIGH
post476_img3.jpg,HIGH
post476_img4.jpg,HIGH
post476_img2.jpg,HIGH
post476_img1.jpg,HIGH
post476_img5.jpg,HIGH
post472_img1.jpg,HIGH
post472_img2.jpg,LOW
post472_img4.jpg,HIGH
post472_img6.jpg,LOW
post472_img5.jpg,HIGH
post472_img3.jpg,HIGH
post468_img1.jpg,HIGH
post468_img4.jpg,HIGH
post468_img2.jpg,HIGH
post468_img3.jpg,HIGH
post468_img6.jpg,HIGH
post468_img5.jpg,HIGH
post468_img7.jpg,HIGH
post468_img8.jpg,HIGH
post467_img1.jpg,HIGH
post467_img2.jpg,HIGH
post467_img3.jpg,HIGH
post467_img4.jpg,HIGH
post467_img5.jpg,HIGH
post461_img1.jpg,HIGH
post463_img4.jpg,HIGH
post463_img2.jpg,HIGH
post463_img5.jpg,HIGH
post463_img7.jpg,HIGH
post463_img6.jpg,HIGH
post463_img3.jpg,HIGH
post463_img1.jpg,HIGH
post445_img1.jpg,HIGH
post445_img2.jpg,HIGH
post445_img3.jpg,HIGH
post449_img2.jpg,HIGH
post449_img3.jpg,HIGH
post449_img6.jpg,HIGH
post449_img4.jpg,HIGH
post449_img5.jpg,LOW
post449_img7.jpg,HIGH
post449_img1.jpg,HIGH
post441_img2.jpg,HIGH
post441_img1.jpg,HIGH
post437_img1.jpg,HIGH
post437_img2.jpg,HIGH
post437_img3.jpg,HIGH
post434_img1.jpg,HIGH
post434_img2.jpg,HIGH
post434_img3.jpg,HIGH
post434_img4.jpg,HIGH
post434_img5.jpg,HIGH
post433_img3.jpg,HIGH
post433_img1.jpg,HIGH
post433_img5.jpg,HIGH
post433_img6.jpg,HIGH
post433_img4.jpg,HIGH
post433_img2.jpg,HIGH
post431_img1.jpg,HIGH
post428_img1.jpg,LOW
post428_img2.jpg,HIGH
post428_img3.jpg,HIGH
post424_img2.jpg,HIGH
post424_img3.jpg,HIGH
post424_img1.jpg,HIGH
post422_img1.jpg,HIGH
post422_img2.jpg,HIGH
post422_img4.jpg,HIGH
post422_img3.jpg,HIGH
post422_img5.jpg,HIGH
post422_img6.jpg,HIGH
post422_img8.jpg,HIGH
post422_img9.jpg,HIGH
post422_img7.jpg,HIGH
post422_img10.jpg,HIGH
post418_img2.jpg,HIGH
post418_img1.jpg,HIGH
post417_img1.jpg,HIGH
post416_img3.jpg,HIGH
post416_img4.jpg,LOW
post416_img2.jpg,HIGH
post416_img1.jpg,HIGH
post415_img1.jpg,HIGH
post415_img2.jpg,HIGH
post415_img3.jpg,HIGH
post405_img1.jpg,HIGH
post405_img5.jpg,HIGH
post405_img4.jpg,HIGH
post405_img3.jpg,HIGH
post405_img6.jpg,HIGH
post405_img2.jpg,HIGH
post405_img7.jpg,HIGH
post405_img10.jpg,LOW
post405_img8.jpg,HIGH
post405_img9.jpg,HIGH
post405_img12.jpg,HIGH
post405_img11.jpg,HIGH
post408_img1.jpg,HIGH
post408_img2.jpg,HIGH
post404_img2.jpg,HIGH
post404_img4.jpg,HIGH
post404_img3.jpg,LOW
post404_img1.jpg,HIGH
post402_img1.jpg,HIGH
post402_img2.jpg,HIGH
post400_img3.jpg,HIGH
post400_img1.jpg,HIGH
post400_img2.jpg,HIGH
post399_img3.jpg,HIGH
post399_img1.jpg,HIGH
post399_img2.jpg,HIGH
post396_img2.jpg,HIGH
post396_img3.jpg,HIGH
post396_img4.jpg,HIGH
post396_img6.jpg,HIGH
post396_img5.jpg,HIGH
post396_img1.jpg,HIGH
post395_img3.jpg,LOW
post395_img1.jpg,LOW
post395_img4.jpg,LOW
post395_img2.jpg,HIGH
post391_img1.jpg,HIGH
post378_img2.jpg,HIGH
post378_img1.jpg,HIGH
post389_img2.jpg,HIGH
post389_img1.jpg,HIGH
post389_img4.jpg,HIGH
post389_img3.jpg,HIGH
post382_img1.jpg,HIGH
post382_img2.jpg,HIGH
post382_img3.jpg,HIGH
post382_img4.jpg,LOW
post385_img1.jpg,HIGH
post385_img3.jpg,HIGH
post385_img8.jpg,HIGH
post385_img5.jpg,HIGH
post385_img10.jpg,HIGH
post385_img4.jpg,HIGH
post385_img9.jpg,HIGH
post385_img7.jpg,HIGH
post385_img11.jpg,HIGH
post385_img6.jpg,HIGH
post385_img12.jpg,HIGH
post385_img2.jpg,HIGH
post381_img1.jpg,HIGH
post381_img2.jpg,LOW
post380_img2.jpg,HIGH
post380_img1.jpg,HIGH
post374_img2.jpg,HIGH
post374_img5.jpg,HIGH
post374_img3.jpg,HIGH
post374_img1.jpg,HIGH
post374_img6.jpg,HIGH
post374_img4.jpg,HIGH
post373_img1.jpg,HIGH
post373_img2.jpg,HIGH
post372_img1.jpg,HIGH
post368_img1.jpg,HIGH
post368_img2.jpg,HIGH
post368_img3.jpg,HIGH
post368_img4.jpg,HIGH
post368_img5.jpg,HIGH
post368_img6.jpg,HIGH
post365_img1.jpg,LOW
post361_img1.jpg,HIGH
post361_img2.jpg,HIGH
post361_img3.jpg,HIGH
post362_img1.jpg,HIGH
post362_img2.jpg,HIGH
post362_img4.jpg,HIGH
post362_img6.jpg,HIGH
post362_img3.jpg,HIGH
post362_img5.jpg,HIGH
post360_img1.jpg,HIGH
post360_img3.jpg,HIGH
post360_img10.jpg,HIGH
post360_img8.jpg,HIGH
post360_img7.jpg,HIGH
post360_img11.jpg,HIGH
post360_img6.jpg,HIGH
post360_img4.jpg,HIGH
post360_img9.jpg,HIGH
post360_img5.jpg,HIGH
post360_img2.jpg,HIGH
post352_img1.jpg,HIGH
post352_img3.jpg,HIGH
post352_img5.jpg,HIGH
post352_img2.jpg,HIGH
post352_img7.jpg,HIGH
post352_img6.jpg,HIGH
post352_img4.jpg,HIGH
post349_img1.jpg,HIGH
post349_img8.jpg,HIGH
post349_img4.jpg,HIGH
post349_img5.jpg,HIGH
post349_img3.jpg,HIGH
post349_img2.jpg,HIGH
post349_img9.jpg,HIGH
post349_img7.jpg,HIGH
post349_img6.jpg,HIGH
post348_img1.jpg,HIGH
post348_img4.jpg,HIGH
post348_img3.jpg,HIGH
post348_img10.jpg,HIGH
post348_img5.jpg,HIGH
post348_img7.jpg,HIGH
post348_img6.jpg,HIGH
post348_img2.jpg,HIGH
post348_img11.jpg,HIGH
post348_img8.jpg,HIGH
post348_img12.jpg,HIGH
post348_img9.jpg,HIGH
post343_img1.jpg,HIGH
post340_img3.jpg,HIGH
post340_img4.jpg,HIGH
post340_img5.jpg,HIGH
post340_img7.jpg,HIGH
post340_img6.jpg,HIGH
post340_img9.jpg,HIGH
post340_img10.jpg,HIGH
post340_img2.jpg,HIGH
post340_img8.jpg,HIGH
post340_img1.jpg,HIGH
post339_img1.jpg,HIGH
post339_img2.jpg,HIGH
post337_img1.jpg,LOW
post337_img3.jpg,LOW
post337_img2.jpg,HIGH
post333_img1.jpg,HIGH
post329_img1.jpg,HIGH
post327_img1.jpg,HIGH
post327_img4.jpg,HIGH
post327_img6.jpg,HIGH
post327_img9.jpg,HIGH
post327_img7.jpg,HIGH
post327_img5.jpg,HIGH
post327_img3.jpg,HIGH
post327_img8.jpg,HIGH
post327_img2.jpg,HIGH
post326_img1.jpg,HIGH
post320_img1.jpg,HIGH
post318_img1.jpg,HIGH
post312_img1.jpg,HIGH
post309_img5.jpg,HIGH
post309_img8.jpg,HIGH
post309_img9.jpg,HIGH
post309_img3.jpg,HIGH
post309_img7.jpg,HIGH
post309_img2.jpg,HIGH
post309_img10.jpg,HIGH
post309_img1.jpg,HIGH
post309_img6.jpg,HIGH
post309_img4.jpg,HIGH
post307_img1.jpg,HIGH
post305_img1.jpg,HIGH
post305_img2.jpg,HIGH
post302_img1.jpg,HIGH
post302_img3.jpg,HIGH
post302_img4.jpg,HIGH
post302_img2.jpg,HIGH
post304_img1.jpg,HIGH
post304_img3.jpg,LOW
post304_img2.jpg,HIGH
post301_img2.jpg,HIGH
post301_img3.jpg,HIGH
post301_img1.jpg,HIGH
post295_img2.jpg,HIGH
post295_img1.jpg,HIGH
post295_img3.jpg,HIGH
post290_img1.jpg,HIGH
post290_img2.jpg,HIGH
post291_img1.jpg,HIGH
post291_img2.jpg,HIGH
post289_img1.jpg,HIGH
post289_img8.jpg,HIGH
post289_img4.jpg,HIGH
post289_img6.jpg,HIGH
post289_img2.jpg,HIGH
post289_img3.jpg,HIGH
post289_img10.jpg,HIGH
post289_img9.jpg,HIGH
post289_img7.jpg,HIGH
post289_img5.jpg,HIGH
post287_img8.jpg,HIGH
post287_img11.jpg,HIGH
post287_img4.jpg,HIGH
post287_img3.jpg,HIGH
post287_img5.jpg,HIGH
post287_img2.jpg,HIGH
post287_img9.jpg,HIGH
post287_img7.jpg,HIGH
post287_img6.jpg,HIGH
post287_img1.jpg,HIGH
post287_img10.jpg,HIGH
post287_img12.jpg,HIGH
post279_img1.jpg,HIGH
post279_img2.jpg,HIGH
post277_img1.jpg,HIGH
post277_img3.jpg,HIGH
post277_img2.jpg,HIGH
post273_img1.jpg,HIGH
post273_img2.jpg,HIGH
post273_img3.jpg,HIGH
post271_img6.jpg,HIGH
post271_img5.jpg,HIGH
post271_img2.jpg,HIGH
post271_img4.jpg,HIGH
post271_img1.jpg,HIGH
post271_img3.jpg,HIGH
post265_img2.jpg,HIGH
post265_img1.jpg,HIGH
post263_img1.jpg,HIGH
post262_img1.jpg,HIGH
post262_img2.jpg,HIGH
post262_img3.jpg,HIGH
post262_img4.jpg,HIGH
post262_img5.jpg,HIGH
post262_img6.jpg,HIGH
post262_img7.jpg,HIGH
post262_img8.jpg,HIGH
post260_img2.jpg,HIGH
post260_img3.jpg,HIGH
post260_img4.jpg,HIGH
post260_img1.jpg,HIGH
post258_img1.jpg,HIGH
post258_img2.jpg,HIGH
post258_img3.jpg,HIGH
post258_img4.jpg,HIGH
post256_img1.jpg,HIGH
post256_img2.jpg,HIGH
post253_img1.jpg,HIGH
post253_img4.jpg,HIGH
post253_img2.jpg,HIGH
post253_img3.jpg,HIGH
post251_img2.jpg,HIGH
post251_img1.jpg,HIGH
post251_img3.jpg,HIGH
post251_img4.jpg,HIGH
post254_img2.jpg,HIGH
post254_img3.jpg,HIGH
post254_img8.jpg,HIGH
post254_img6.jpg,HIGH
post254_img10.jpg,HIGH
post254_img5.jpg,HIGH
post254_img7.jpg,HIGH
post254_img9.jpg,HIGH
post254_img11.jpg,HIGH
post254_img1.jpg,HIGH
post254_img4.jpg,HIGH
post249_img1.jpg,HIGH
post245_img2.jpg,HIGH
post245_img3.jpg,HIGH
post245_img1.jpg,HIGH
post244_img1.jpg,HIGH
post244_img3.jpg,HIGH
post244_img5.jpg,LOW
post244_img4.jpg,HIGH
post244_img2.jpg,HIGH
post241_img2.jpg,HIGH
post241_img3.jpg,HIGH
post241_img4.jpg,HIGH
post241_img5.jpg,HIGH
post241_img1.jpg,HIGH
post235_img1.jpg,HIGH
post235_img2.jpg,HIGH
post235_img3.jpg,HIGH
post239_img1.jpg,HIGH
post239_img2.jpg,HIGH
post233_img1.jpg,HIGH
post233_img4.jpg,HIGH
post233_img3.jpg,HIGH
post233_img2.jpg,HIGH
post233_img5.jpg,HIGH
post233_img6.jpg,HIGH
post236_img4.jpg,LOW
post236_img5.jpg,HIGH
post236_img2.jpg,LOW
post236_img1.jpg,HIGH
post236_img3.jpg,HIGH
post232_img1.jpg,HIGH
post232_img5.jpg,HIGH
post232_img3.jpg,HIGH
post232_img4.jpg,HIGH
post232_img2.jpg,HIGH
post230_img1.jpg,LOW
post230_img2.jpg,HIGH
post230_img3.jpg,LOW
post227_img1.jpg,LOW
post227_img2.jpg,HIGH
post225_img1.jpg,HIGH
post222_img4.jpg,LOW
post222_img2.jpg,HIGH
post222_img1.jpg,HIGH
post222_img3.jpg,HIGH
post219_img1.jpg,HIGH
post219_img2.jpg,HIGH
post219_img3.jpg,HIGH
post219_img4.jpg,HIGH
post219_img6.jpg,HIGH
post219_img5.jpg,HIGH
post219_img7.jpg,HIGH
post219_img8.jpg,HIGH
post219_img10.jpg,HIGH
post219_img9.jpg,HIGH
post219_img11.jpg,HIGH
post219_img13.jpg,HIGH
post219_img16.jpg,HIGH
post219_img14.jpg,HIGH
post219_img12.jpg,HIGH
post219_img15.jpg,HIGH
post217_img1.jpg,HIGH
post217_img2.jpg,HIGH
post217_img3.jpg,HIGH
post217_img4.jpg,HIGH
post217_img5.jpg,HIGH
post215_img1.jpg,HIGH
post215_img3.jpg,HIGH
post215_img2.jpg,HIGH
post212_img1.jpg,HIGH
post212_img2.jpg,HIGH
post212_img4.jpg,HIGH
post212_img3.jpg,HIGH
post212_img5.jpg,HIGH
post212_img6.jpg,HIGH
post212_img7.jpg,HIGH
post211_img2.jpg,HIGH
post211_img1.jpg,HIGH
post201_img1.jpg,HIGH
post201_img3.jpg,HIGH
post201_img4.jpg,HIGH
post201_img6.jpg,HIGH
post201_img7.jpg,HIGH
post201_img2.jpg,HIGH
post201_img5.jpg,HIGH
post199_img2.jpg,HIGH
post199_img3.jpg,HIGH
post199_img4.jpg,HIGH
post199_img5.jpg,HIGH
post199_img6.jpg,HIGH
post199_img13.jpg,HIGH
post199_img7.jpg,HIGH
post199_img8.jpg,HIGH
post199_img10.jpg,HIGH
post199_img1.jpg,HIGH
post199_img9.jpg,HIGH
post199_img12.jpg,HIGH
post199_img11.jpg,HIGH
post199_img14.jpg,HIGH
post199_img15.jpg,HIGH
post198_img1.jpg,HIGH
post198_img2.jpg,HIGH
post198_img4.jpg,HIGH
post198_img3.jpg,HIGH
post198_img5.jpg,HIGH
post198_img6.jpg,HIGH
post198_img7.jpg,HIGH
post198_img8.jpg,HIGH
post198_img9.jpg,HIGH
post187_img1.jpg,HIGH
post187_img4.jpg,HIGH
post187_img3.jpg,LOW
post187_img2.jpg,HIGH
post182_img3.jpg,HIGH
post182_img4.jpg,HIGH
post182_img2.jpg,HIGH
post182_img1.jpg,HIGH
post181_img1.jpg,HIGH
post181_img3.jpg,HIGH
post181_img2.jpg,HIGH
post178_img2.jpg,HIGH
post178_img1.jpg,HIGH
post178_img3.jpg,HIGH
post174_img1.jpg,HIGH
post174_img2.jpg,HIGH
post174_img4.jpg,HIGH
post174_img5.jpg,HIGH
post174_img3.jpg,HIGH
post174_img6.jpg,HIGH
post174_img7.jpg,HIGH
post174_img12.jpg,HIGH
post174_img10.jpg,HIGH
post174_img9.jpg,HIGH
post174_img8.jpg,HIGH
post174_img11.jpg,HIGH
post170_img2.jpg,HIGH
post170_img1.jpg,HIGH
post170_img3.jpg,LOW
post167_img1.jpg,HIGH
post175_img2.jpg,HIGH
post175_img1.jpg,HIGH
post175_img3.jpg,LOW
post175_img4.jpg,HIGH
post347_img1.jpg,HIGH
post347_img2.jpg,HIGH
post345_img2.jpg,HIGH
post345_img5.jpg,HIGH
post345_img3.jpg,HIGH
post345_img1.jpg,HIGH
post345_img4.jpg,HIGH
post341_img1.jpg,HIGH
post338_img1.jpg,HIGH
post334_img2.jpg,HIGH
post334_img1.jpg,HIGH
post323_img1.jpg,HIGH
post317_img2.jpg,HIGH
post317_img1.jpg,HIGH
post313_img1.jpg,HIGH
post313_img2.jpg,HIGH
post173_img2.jpg,HIGH
post173_img3.jpg,HIGH
post173_img4.jpg,HIGH
post173_img5.jpg,HIGH
post173_img1.jpg,HIGH
post162_img1.jpg,HIGH
post165_img1.jpg,HIGH
post155_img1.jpg,HIGH
post166_img1.jpg,HIGH
post166_img2.jpg,HIGH
post164_img1.jpg,HIGH
post164_img2.jpg,HIGH
post164_img3.jpg,HIGH
post158_img9.jpg,HIGH
post158_img6.jpg,HIGH
post158_img3.jpg,HIGH
post158_img2.jpg,LOW
post158_img1.jpg,HIGH
post158_img5.jpg,HIGH
post158_img4.jpg,HIGH
post158_img10.jpg,HIGH
post158_img7.jpg,HIGH
post158_img8.jpg,HIGH
post491_img6.jpg,HIGH
post491_img8.jpg,HIGH
post491_img1.jpg,HIGH
post491_img4.jpg,HIGH
post491_img7.jpg,HIGH
post491_img3.jpg,HIGH
post491_img2.jpg,HIGH
post491_img5.jpg,HIGH
post475_img1.jpg,HIGH
post475_img2.jpg,HIGH
post153_img1.jpg,LOW
post153_img3.jpg,HIGH
post153_img2.jpg,LOW
post150_img4.jpg,HIGH
post150_img2.jpg,LOW
post150_img1.jpg,HIGH
post150_img3.jpg,HIGH
post148_img3.jpg,HIGH
post148_img1.jpg,HIGH
post148_img4.jpg,HIGH
post148_img5.jpg,HIGH
post148_img2.jpg,HIGH
post148_img6.jpg,HIGH
post147_img2.jpg,HIGH
post147_img6.jpg,HIGH
post147_img1.jpg,HIGH
post147_img5.jpg,HIGH
post147_img3.jpg,HIGH
post147_img8.jpg,HIGH
post147_img4.jpg,HIGH
post147_img7.jpg,HIGH
post146_img3.jpg,HIGH
post146_img1.jpg,HIGH
post146_img5.jpg,HIGH
post146_img6.jpg,HIGH
post146_img4.jpg,HIGH
post146_img2.jpg,HIGH
post143_img1.jpg,HIGH
post140_img2.jpg,HIGH
post140_img4.jpg,HIGH
post140_img1.jpg,HIGH
post140_img3.jpg,HIGH
post139_img3.jpg,HIGH
post139_img4.jpg,HIGH
post139_img5.jpg,HIGH
post139_img7.jpg,HIGH
post139_img6.jpg,HIGH
post139_img13.jpg,HIGH
post139_img14.jpg,HIGH
post139_img8.jpg,HIGH
post139_img15.jpg,HIGH
post139_img2.jpg,HIGH
post139_img9.jpg,HIGH
post139_img10.jpg,HIGH
post139_img11.jpg,HIGH
post139_img12.jpg,HIGH
post139_img16.jpg,HIGH
post139_img17.jpg,HIGH
post139_img1.jpg,HIGH
post138_img4.jpg,HIGH
post138_img2.jpg,LOW
post138_img3.jpg,HIGH
post138_img1.jpg,HIGH
post135_img1.jpg,HIGH
post135_img2.jpg,HIGH
post134_img2.jpg,HIGH
post134_img3.jpg,HIGH
post134_img1.jpg,HIGH
post133_img4.jpg,HIGH
post133_img2.jpg,HIGH
post133_img1.jpg,HIGH
post133_img3.jpg,HIGH
post129_img1.jpg,HIGH
post129_img2.jpg,HIGH
post126_img6.jpg,HIGH
post126_img8.jpg,HIGH
post126_img2.jpg,HIGH
post126_img4.jpg,HIGH
post126_img3.jpg,HIGH
post126_img1.jpg,LOW
post126_img5.jpg,HIGH
post126_img7.jpg,HIGH
post125_img2.jpg,HIGH
post125_img3.jpg,LOW
post125_img4.jpg,HIGH
post125_img1.jpg,HIGH
post124_img2.jpg,HIGH
post124_img1.jpg,HIGH
post124_img3.jpg,HIGH
post124_img4.jpg,HIGH
post122_img3.jpg,HIGH
post122_img1.jpg,HIGH
post122_img2.jpg,HIGH
post120_img2.jpg,HIGH
post120_img3.jpg,HIGH
post120_img4.jpg,HIGH
post120_img5.jpg,HIGH
post120_img1.jpg,HIGH
post117_img1.jpg,HIGH
post117_img3.jpg,HIGH
post117_img2.jpg,HIGH
post116_img1.jpg,HIGH
post115_img3.jpg,HIGH
post115_img2.jpg,HIGH
post115_img7.jpg,HIGH
post115_img4.jpg,HIGH
post115_img6.jpg,HIGH
post115_img9.jpg,HIGH
post115_img8.jpg,HIGH
post115_img11.jpg,HIGH
post115_img5.jpg,HIGH
post115_img10.jpg,HIGH
post115_img1.jpg,HIGH
post114_img3.jpg,HIGH
post114_img4.jpg,HIGH
post114_img6.jpg,HIGH
post114_img8.jpg,HIGH
post114_img10.jpg,HIGH
post114_img9.jpg,HIGH
post114_img1.jpg,HIGH
post114_img5.jpg,HIGH
post114_img7.jpg,HIGH
post114_img2.jpg,HIGH
post112_img2.jpg,LOW
post112_img1.jpg,HIGH
post112_img3.jpg,HIGH
post110_img3.jpg,HIGH
post110_img5.jpg,HIGH
post110_img1.jpg,HIGH
post110_img2.jpg,HIGH
post110_img4.jpg,HIGH
post107_img2.jpg,HIGH
post107_img1.jpg,HIGH
post107_img3.jpg,HIGH
post107_img4.jpg,HIGH
post107_img5.jpg,HIGH
post106_img1.jpg,HIGH
post105_img1.jpg,HIGH
post105_img2.jpg,HIGH
post105_img3.jpg,HIGH
post103_img4.jpg,LOW
post103_img2.jpg,HIGH
post103_img1.jpg,HIGH
post103_img3.jpg,HIGH
post103_img5.jpg,HIGH
post102_img2.jpg,HIGH
post102_img1.jpg,HIGH
post102_img3.jpg,HIGH
post102_img4.jpg,HIGH
post102_img5.jpg,HIGH
post102_img6.jpg,HIGH
post101_img7.jpg,HIGH
post101_img2.jpg,HIGH
post101_img1.jpg,HIGH
post101_img3.jpg,HIGH
post101_img4.jpg,HIGH
post101_img5.jpg,HIGH
post101_img6.jpg,HIGH
post100_img3.jpg,HIGH
post100_img1.jpg,HIGH
post100_img6.jpg,LOW
post100_img4.jpg,HIGH
post100_img7.jpg,HIGH
post100_img9.jpg,HIGH
post100_img10.jpg,HIGH
post100_img2.jpg,HIGH
post100_img5.jpg,HIGH
post100_img8.jpg,HIGH
post100_img11.jpg,HIGH
post99_img2.jpg,HIGH
post99_img5.jpg,HIGH
post99_img6.jpg,HIGH
post99_img3.jpg,HIGH
post99_img1.jpg,HIGH
post99_img4.jpg,HIGH
post98_img1.jpg,HIGH
post98_img5.jpg,HIGH
post98_img6.jpg,HIGH
post98_img2.jpg,HIGH
post98_img4.jpg,HIGH
post98_img3.jpg,HIGH
post95_img1.jpg,HIGH
post95_img2.jpg,HIGH
post95_img3.jpg,HIGH
post94_img2.jpg,HIGH
post94_img1.jpg,HIGH
post94_img3.jpg,HIGH
post92_img1.jpg,HIGH
post92_img4.jpg,HIGH
post92_img3.jpg,HIGH
post92_img2.jpg,HIGH
post92_img5.jpg,HIGH
post91_img1.jpg,HIGH
post91_img3.jpg,HIGH
post91_img2.jpg,HIGH
post88_img1.jpg,HIGH
post88_img4.jpg,HIGH
post88_img3.jpg,HIGH
post88_img2.jpg,HIGH
post88_img5.jpg,HIGH
post88_img6.jpg,HIGH
post85_img2.jpg,HIGH
post85_img5.jpg,HIGH
post85_img6.jpg,HIGH
post85_img1.jpg,HIGH
post85_img3.jpg,HIGH
post85_img4.jpg,HIGH
post86_img1.jpg,HIGH
post86_img3.jpg,HIGH
post86_img4.jpg,HIGH
post86_img2.jpg,HIGH
post84_img2.jpg,HIGH
post84_img4.jpg,HIGH
post84_img3.jpg,HIGH
post84_img5.jpg,HIGH
post84_img1.jpg,HIGH
post83_img1.jpg,HIGH
post83_img2.jpg,HIGH
post83_img3.jpg,HIGH
post82_img1.jpg,HIGH
post82_img3.jpg,HIGH
post82_img4.jpg,HIGH
post82_img2.jpg,HIGH
post80_img3.jpg,LOW
post80_img1.jpg,HIGH
post80_img2.jpg,HIGH
post79_img2.jpg,LOW
post79_img3.jpg,HIGH
post79_img1.jpg,HIGH
post78_img3.jpg,HIGH
post78_img1.jpg,HIGH
post78_img4.jpg,HIGH
post78_img2.jpg,HIGH
post75_img2.jpg,HIGH
post75_img3.jpg,HIGH
post75_img1.jpg,HIGH
post74_img2.jpg,HIGH
post74_img1.jpg,HIGH
post74_img3.jpg,HIGH
post73_img1.jpg,HIGH
post73_img2.jpg,HIGH
post73_img3.jpg,HIGH
post63_img6.jpg,LOW
post63_img2.jpg,LOW
post63_img4.jpg,HIGH
post63_img5.jpg,LOW
post63_img1.jpg,HIGH
post63_img3.jpg,LOW
post65_img4.jpg,HIGH
post65_img9.jpg,HIGH
post65_img10.jpg,HIGH
post65_img1.jpg,HIGH
post65_img8.jpg,HIGH
post65_img3.jpg,HIGH
post65_img2.jpg,HIGH
post65_img5.jpg,HIGH
post65_img6.jpg,HIGH
post65_img7.jpg,HIGH
post62_img1.jpg,HIGH
post62_img4.jpg,HIGH
post62_img2.jpg,HIGH
post62_img8.jpg,HIGH
post62_img5.jpg,HIGH
post62_img9.jpg,HIGH
post62_img6.jpg,HIGH
post62_img11.jpg,HIGH
post62_img3.jpg,HIGH
post62_img7.jpg,HIGH
post62_img10.jpg,HIGH
post61_img1.jpg,LOW
post61_img2.jpg,LOW
post61_img4.jpg,HIGH
post61_img5.jpg,LOW
post61_img3.jpg,LOW
post53_img3.jpg,HIGH
post53_img1.jpg,HIGH
post53_img2.jpg,HIGH
post55_img5.jpg,LOW
post55_img1.jpg,LOW
post55_img3.jpg,LOW
post55_img2.jpg,HIGH
post55_img4.jpg,LOW
post51_img1.jpg,LOW
post51_img3.jpg,LOW
post51_img2.jpg,HIGH
post49_img3.jpg,LOW
post49_img1.jpg,LOW
post49_img4.jpg,HIGH
post49_img2.jpg,HIGH
post49_img5.jpg,HIGH
post47_img1.jpg,HIGH
post47_img3.jpg,LOW
post47_img4.jpg,HIGH
post47_img2.jpg,HIGH
post46_img1.jpg,HIGH
post46_img2.jpg,HIGH
post46_img3.jpg,LOW
post46_img4.jpg,HIGH
post46_img5.jpg,HIGH
post46_img6.jpg,HIGH
post44_img1.jpg,LOW
post44_img4.jpg,LOW
post44_img2.jpg,HIGH
post44_img5.jpg,HIGH
post44_img3.jpg,HIGH
post43_img1.jpg,HIGH
post43_img2.jpg,HIGH
post43_img4.jpg,HIGH
post43_img3.jpg,HIGH
post43_img6.jpg,HIGH
post43_img5.jpg,HIGH
post43_img7.jpg,HIGH
post43_img9.jpg,HIGH
post43_img10.jpg,HIGH
post43_img8.jpg,HIGH
post42_img3.jpg,LOW
post42_img5.jpg,HIGH
post42_img2.jpg,HIGH
post42_img1.jpg,HIGH
post42_img4.jpg,HIGH
post42_img6.jpg,HIGH
post40_img1.jpg,HIGH
post40_img2.jpg,HIGH
post40_img3.jpg,HIGH
post40_img4.jpg,HIGH
post37_img1.jpg,HIGH
post37_img2.jpg,HIGH
post37_img3.jpg,HIGH
post36_img1.jpg,HIGH
post36_img3.jpg,HIGH
post36_img2.jpg,HIGH
post35_img3.jpg,HIGH
post35_img5.jpg,HIGH
post35_img1.jpg,HIGH
post35_img2.jpg,LOW
post35_img4.jpg,LOW
post35_img6.jpg,LOW
post34_img2.jpg,HIGH
post34_img4.jpg,HIGH
post34_img1.jpg,HIGH
post34_img3.jpg,HIGH
post34_img5.jpg,HIGH
post31_img3.jpg,HIGH
post31_img5.jpg,HIGH
post31_img2.jpg,HIGH
post31_img1.jpg,HIGH
post31_img4.jpg,HIGH
post28_img1.jpg,HIGH
post28_img4.jpg,HIGH
post28_img5.jpg,HIGH
post28_img6.jpg,HIGH
post28_img2.jpg,HIGH
post28_img9.jpg,HIGH
post28_img7.jpg,HIGH
post28_img8.jpg,HIGH
post28_img10.jpg,HIGH
post28_img11.jpg,HIGH
post28_img3.jpg,HIGH
post24_img1.jpg,HIGH
post24_img5.jpg,HIGH
post24_img2.jpg,HIGH
post24_img4.jpg,HIGH
post24_img3.jpg,HIGH
post26_img2.jpg,HIGH
post26_img1.jpg,HIGH
post26_img3.jpg,HIGH
post26_img4.jpg,HIGH
post23_img1.jpg,HIGH
post23_img7.jpg,HIGH
post23_img4.jpg,HIGH
post23_img5.jpg,HIGH
post23_img3.jpg,HIGH
post23_img6.jpg,HIGH
post23_img2.jpg,HIGH
post21_img1.jpg,LOW
post21_img4.jpg,HIGH
post21_img3.jpg,HIGH
post21_img2.jpg,HIGH
post19_img1.jpg,HIGH
post19_img3.jpg,HIGH
post19_img5.jpg,HIGH
post19_img2.jpg,HIGH
post19_img4.jpg,HIGH
post12_img1.jpg,HIGH
post12_img2.jpg,HIGH
post12_img3.jpg,HIGH
post12_img4.jpg,HIGH
post18_img2.jpg,HIGH
post18_img3.jpg,HIGH
post18_img1.jpg,HIGH
post18_img4.jpg,HIGH
post15_img1.jpg,HIGH
post15_img4.jpg,HIGH
post15_img2.jpg,HIGH
post15_img3.jpg,HIGH
post15_img5.jpg,HIGH
post14_img4.jpg,HIGH
post14_img3.jpg,HIGH
post14_img2.jpg,HIGH
post14_img1.jpg,HIGH
post11_img1.jpg,HIGH
post11_img3.jpg,HIGH
post11_img2.jpg,HIGH
post11_img4.jpg,HIGH
post10_img1.jpg,HIGH
post10_img2.jpg,HIGH
post10_img4.jpg,LOW
post10_img5.jpg,HIGH
post10_img3.jpg,HIGH
post9_img2.jpg,HIGH
post9_img1.jpg,HIGH
post7_img5.jpg,HIGH
post7_img3.jpg,HIGH
post7_img4.jpg,HIGH
post7_img1.jpg,HIGH
post7_img2.jpg,HIGH
post6_img1.jpg,HIGH
post6_img2.jpg,HIGH
post6_img3.jpg,HIGH
post6_img4.jpg,HIGH
post4_img1.jpg,HIGH
post4_img4.jpg,HIGH
post4_img3.jpg,HIGH
post4_img2.jpg,HIGH
post5_img4.jpg,LOW
post5_img1.jpg,HIGH
post5_img2.jpg,HIGH
post5_img6.jpg,HIGH
post5_img5.jpg,HIGH
post5_img3.jpg,HIGH
post1034_img1.jpg,HIGH
post1036_img1.jpg,HIGH
post1036_img2.jpg,HIGH
post1036_img3.jpg,HIGH
post1032_img1.jpg,HIGH
post1033_img1.jpg,HIGH
post1027_img1.jpg,LOW
post1027_img2.jpg,HIGH
post1027_img3.jpg,HIGH
post1027_img4.jpg,HIGH
post1026_img1.jpg,HIGH
post1024_img1.jpg,HIGH
post1024_img2.jpg,HIGH
post1024_img3.jpg,HIGH
post1024_img4.jpg,HIGH
post1024_img5.jpg,HIGH
post1022_img1.jpg,LOW
post1021_img1.jpg,HIGH
post1014_img1.jpg,HIGH
post1012_img1.jpg,HIGH
post1012_img2.jpg,HIGH
post1009_img1.jpg,LOW
post1005_img1.jpg,LOW
post1006_img1.jpg,HIGH
post1003_img1.jpg,HIGH
post1002_img1.jpg,HIGH
post1000_img1.jpg,HIGH
post1000_img4.jpg,HIGH
post1000_img3.jpg,HIGH
post1000_img2.jpg,HIGH
post1000_img5.jpg,HIGH
post1000_img6.jpg,HIGH
post1000_img7.jpg,HIGH
post1000_img8.jpg,HIGH
post997_img1.jpg,HIGH
post997_img2.jpg,HIGH
post995_img1.jpg,HIGH
post995_img2.jpg,HIGH
post995_img3.jpg,HIGH
post995_img4.jpg,HIGH
post995_img5.jpg,HIGH
post992_img1.jpg,HIGH
post992_img2.jpg,HIGH
post992_img4.jpg,HIGH
post992_img3.jpg,HIGH
post991_img1.jpg,HIGH
post989_img1.jpg,HIGH
post988_img1.jpg,LOW
post988_img2.jpg,HIGH
post988_img3.jpg,LOW
post988_img4.jpg,HIGH
post980_img1.jpg,HIGH
post977_img1.jpg,HIGH
post977_img2.jpg,HIGH
post977_img3.jpg,HIGH
post977_img4.jpg,HIGH
post977_img5.jpg,HIGH
post977_img6.jpg,HIGH
post977_img9.jpg,HIGH
post977_img7.jpg,HIGH
post977_img10.jpg,HIGH
post977_img8.jpg,HIGH
post974_img1.jpg,HIGH
post972_img1.jpg,HIGH
post970_img1.jpg,HIGH
post969_img2.jpg,HIGH
post969_img1.jpg,HIGH
post965_img1.jpg,HIGH
post962_img1.jpg,HIGH
post949_img1.jpg,HIGH
post944_img1.jpg,HIGH
post957_img2.jpg,HIGH
post957_img3.jpg,HIGH
post957_img4.jpg,HIGH
post957_img5.jpg,HIGH
post957_img1.jpg,HIGH
post946_img1.jpg,HIGH
post946_img2.jpg,HIGH
post943_img1.jpg,HIGH
post943_img2.jpg,HIGH
post942_img1.jpg,HIGH
post938_img1.jpg,HIGH
post937_img1.jpg,HIGH
post934_img1.jpg,HIGH
post930_img1.jpg,HIGH
post930_img2.jpg,HIGH
post930_img3.jpg,HIGH
post930_img4.jpg,HIGH
post930_img5.jpg,HIGH
post927_img1.jpg,LOW
post927_img3.jpg,HIGH
post927_img2.jpg,HIGH
post919_img1.jpg,HIGH
post919_img2.jpg,HIGH
post919_img3.jpg,HIGH
post919_img5.jpg,HIGH
post919_img4.jpg,HIGH
post925_img1.jpg,LOW
post923_img1.jpg,HIGH
post923_img2.jpg,HIGH
post923_img3.jpg,HIGH
post921_img2.jpg,HIGH
post921_img4.jpg,HIGH
post921_img3.jpg,HIGH
post921_img1.jpg,HIGH
post917_img1.jpg,HIGH
post917_img2.jpg,HIGH
post917_img3.jpg,HIGH
post917_img4.jpg,HIGH
post917_img5.jpg,HIGH
post917_img6.jpg,HIGH
post911_img1.jpg,HIGH
post911_img2.jpg,HIGH
post905_img2.jpg,HIGH
post905_img1.jpg,HIGH
post905_img3.jpg,HIGH
post905_img4.jpg,HIGH
post903_img2.jpg,HIGH
post903_img1.jpg,HIGH
post903_img4.jpg,HIGH
post903_img3.jpg,HIGH
post903_img9.jpg,HIGH
post903_img7.jpg,HIGH
post903_img6.jpg,HIGH
post903_img8.jpg,HIGH
post903_img10.jpg,HIGH
post903_img5.jpg,HIGH
post896_img1.jpg,LOW
post896_img2.jpg,HIGH
post895_img3.jpg,HIGH
post895_img2.jpg,HIGH
post895_img1.jpg,HIGH
post892_img1.jpg,HIGH
post892_img2.jpg,LOW
post892_img3.jpg,HIGH
post892_img4.jpg,HIGH
post892_img5.jpg,LOW
post891_img1.jpg,HIGH
post889_img1.jpg,HIGH
post887_img1.jpg,HIGH
post887_img2.jpg,HIGH
post887_img3.jpg,HIGH
post887_img6.jpg,HIGH
post887_img7.jpg,HIGH
post887_img8.jpg,HIGH
post887_img5.jpg,HIGH
post887_img4.jpg,HIGH
post885_img1.jpg,HIGH
post883_img1.jpg,HIGH
post880_img1.jpg,HIGH
post877_img1.jpg,HIGH
post876_img2.jpg,HIGH
post876_img1.jpg,HIGH
post875_img1.jpg,HIGH
post868_img1.jpg,HIGH
post868_img2.jpg,HIGH
post868_img3.jpg,HIGH
post868_img4.jpg,HIGH
post865_img1.jpg,LOW
post862_img1.jpg,HIGH
post862_img3.jpg,HIGH
post862_img2.jpg,HIGH
post858_img1.jpg,HIGH
post858_img2.jpg,HIGH
post857_img1.jpg,HIGH
post857_img2.jpg,HIGH
post854_img1.jpg,HIGH
post853_img1.jpg,HIGH
post838_img1.jpg,HIGH
post838_img2.jpg,HIGH
post838_img3.jpg,HIGH
post838_img4.jpg,HIGH
post838_img5.jpg,HIGH
post838_img7.jpg,HIGH
post838_img8.jpg,HIGH
post838_img6.jpg,HIGH
post815_img1.jpg,HIGH
post829_img2.jpg,HIGH
post829_img1.jpg,HIGH
post829_img3.jpg,HIGH
post829_img4.jpg,HIGH
post823_img1.jpg,HIGH
post823_img3.jpg,HIGH
post823_img2.jpg,HIGH
post823_img4.jpg,HIGH
post823_img6.jpg,LOW
post823_img5.jpg,HIGH
post823_img10.jpg,HIGH
post823_img8.jpg,HIGH
post823_img7.jpg,HIGH
post823_img9.jpg,HIGH
post821_img1.jpg,LOW
post806_img1.jpg,HIGH
post806_img2.jpg,HIGH
post806_img3.jpg,HIGH
post806_img4.jpg,HIGH
post806_img5.jpg,HIGH
post805_img2.jpg,HIGH
post805_img3.jpg,HIGH
post805_img4.jpg,LOW
post805_img5.jpg,HIGH
post805_img1.jpg,HIGH
post812_img1.jpg,HIGH
post804_img1.jpg,LOW
post802_img1.jpg,LOW
post788_img1.jpg,HIGH
post799_img1.jpg,HIGH
post799_img2.jpg,HIGH
post799_img4.jpg,HIGH
post799_img3.jpg,HIGH
post799_img5.jpg,HIGH
post799_img6.jpg,HIGH
post797_img1.jpg,HIGH
post783_img1.jpg,HIGH
post783_img3.jpg,HIGH
post783_img2.jpg,HIGH
post790_img1.jpg,HIGH
post790_img2.jpg,HIGH
post790_img4.jpg,HIGH
post790_img3.jpg,HIGH
post790_img5.jpg,LOW
post790_img6.jpg,LOW
post789_img1.jpg,HIGH
post787_img1.jpg,HIGH
post787_img2.jpg,HIGH
post787_img3.jpg,HIGH
post787_img4.jpg,HIGH
post780_img1.jpg,HIGH
post767_img1.jpg,HIGH
post779_img1.jpg,HIGH
post777_img1.jpg,HIGH
post777_img2.jpg,HIGH
post776_img1.jpg,HIGH
post775_img1.jpg,HIGH
post772_img1.jpg,LOW
post766_img1.jpg,LOW
post760_img1.jpg,HIGH
post760_img2.jpg,HIGH
post760_img3.jpg,HIGH
post760_img4.jpg,HIGH
post760_img5.jpg,HIGH
post759_img1.jpg,HIGH
post758_img1.jpg,HIGH
post757_img1.jpg,HIGH
post755_img1.jpg,HIGH
post754_img1.jpg,HIGH
post753_img1.jpg,HIGH
post743_img1.jpg,HIGH
post742_img2.jpg,HIGH
post742_img1.jpg,HIGH
post742_img3.jpg,HIGH
post742_img4.jpg,HIGH
post744_img1.jpg,HIGH
post741_img1.jpg,HIGH
post738_img1.jpg,HIGH
post738_img2.jpg,HIGH
post734_img2.jpg,HIGH
post734_img1.jpg,HIGH
post731_img1.jpg,LOW
post729_img1.jpg,HIGH
post720_img1.jpg,HIGH
post713_img1.jpg,HIGH
post713_img3.jpg,HIGH
post713_img5.jpg,HIGH
post713_img2.jpg,HIGH
post713_img4.jpg,HIGH
post702_img1.jpg,LOW
post699_img1.jpg,HIGH
post697_img1.jpg,HIGH
post697_img3.jpg,HIGH
post697_img2.jpg,HIGH
post697_img4.jpg,HIGH
post686_img3.jpg,HIGH
post686_img1.jpg,HIGH
post686_img2.jpg,HIGH
post686_img4.jpg,HIGH
post690_img1.jpg,LOW
post682_img1.jpg,HIGH
post682_img2.jpg,LOW
post682_img4.jpg,HIGH
post682_img3.jpg,LOW
post682_img5.jpg,HIGH
post682_img6.jpg,HIGH
post680_img1.jpg,HIGH
post680_img4.jpg,HIGH
post680_img2.jpg,HIGH
post680_img3.jpg,HIGH
post680_img6.jpg,HIGH
post680_img5.jpg,HIGH
post674_img1.jpg,HIGH
post670_img1.jpg,HIGH
post669_img1.jpg,HIGH
post669_img3.jpg,HIGH
post669_img4.jpg,HIGH
post669_img2.jpg,HIGH
post663_img1.jpg,HIGH
post663_img2.jpg,HIGH
post660_img1.jpg,HIGH
post660_img2.jpg,HIGH
post660_img3.jpg,HIGH
post660_img4.jpg,HIGH
post660_img5.jpg,HIGH
post660_img6.jpg,HIGH
post660_img7.jpg,HIGH
post648_img2.jpg,LOW
post648_img1.jpg,HIGH
post648_img4.jpg,LOW
post648_img3.jpg,HIGH
post642_img1.jpg,HIGH
post642_img2.jpg,HIGH
post642_img3.jpg,HIGH
post642_img4.jpg,HIGH
post642_img7.jpg,HIGH
post642_img5.jpg,HIGH
post642_img8.jpg,HIGH
post642_img6.jpg,HIGH
post639_img2.jpg,HIGH
post639_img1.jpg,HIGH
post639_img3.jpg,HIGH
post639_img4.jpg,HIGH
post639_img5.jpg,HIGH
post639_img6.jpg,HIGH
post638_img2.jpg,HIGH
post638_img1.jpg,HIGH
post638_img4.jpg,HIGH
post638_img3.jpg,HIGH
post638_img5.jpg,HIGH
post636_img1.jpg,HIGH
post636_img3.jpg,HIGH
post636_img2.jpg,HIGH
post636_img4.jpg,HIGH
post636_img6.jpg,HIGH
post636_img5.jpg,LOW
post631_img1.jpg,HIGH
post629_img1.jpg,HIGH
post629_img2.jpg,HIGH
post629_img3.jpg,HIGH
post624_img1.jpg,HIGH
post624_img2.jpg,LOW
post624_img3.jpg,HIGH
post624_img4.jpg,HIGH
post613_img2.jpg,HIGH
post613_img1.jpg,HIGH
post613_img3.jpg,HIGH
post613_img5.jpg,HIGH
post613_img6.jpg,HIGH
post613_img4.jpg,HIGH
post613_img7.jpg,HIGH
post604_img1.jpg,LOW
post605_img3.jpg,HIGH
post605_img1.jpg,HIGH
post605_img2.jpg,HIGH
post602_img1.jpg,LOW
post600_img1.jpg,LOW
post599_img1.jpg,HIGH
post599_img2.jpg,HIGH
post598_img2.jpg,LOW
post598_img1.jpg,LOW
post598_img3.jpg,LOW
post597_img1.jpg,HIGH
post596_img1.jpg,HIGH
post594_img1.jpg,HIGH
post594_img3.jpg,HIGH
post594_img2.jpg,HIGH
post590_img1.jpg,HIGH
post590_img2.jpg,HIGH
post590_img3.jpg,HIGH
post590_img4.jpg,HIGH
post590_img5.jpg,HIGH
post590_img6.jpg,HIGH
post590_img7.jpg,HIGH
post575_img1.jpg,LOW
post569_img1.jpg,HIGH
post569_img2.jpg,HIGH
post571_img1.jpg,LOW
post566_img1.jpg,HIGH
post565_img7.jpg,HIGH
post565_img6.jpg,HIGH
post565_img5.jpg,HIGH
post565_img2.jpg,HIGH
post565_img1.jpg,HIGH
post565_img3.jpg,HIGH
post565_img4.jpg,HIGH
post564_img1.jpg,HIGH
post564_img2.jpg,HIGH
post564_img3.jpg,LOW
post564_img4.jpg,LOW
post563_img1.jpg,HIGH
post563_img2.jpg,HIGH
post563_img3.jpg,HIGH
post563_img4.jpg,HIGH
post558_img4.jpg,HIGH
post558_img1.jpg,HIGH
post558_img7.jpg,LOW
post558_img9.jpg,HIGH
post558_img8.jpg,HIGH
post558_img6.jpg,HIGH
post558_img5.jpg,HIGH
post558_img2.jpg,HIGH
post558_img3.jpg,HIGH
post558_img10.jpg,HIGH
post557_img1.jpg,LOW
post545_img1.jpg,HIGH
post545_img2.jpg,LOW
post556_img1.jpg,HIGH
post556_img2.jpg,HIGH
post556_img3.jpg,HIGH
post556_img4.jpg,HIGH
post556_img5.jpg,HIGH
post556_img6.jpg,HIGH
post551_img2.jpg,HIGH
post551_img1.jpg,HIGH
post551_img4.jpg,HIGH
post551_img5.jpg,HIGH
post551_img6.jpg,HIGH
post551_img7.jpg,HIGH
post551_img8.jpg,HIGH
post551_img9.jpg,HIGH
post551_img10.jpg,HIGH
post551_img3.jpg,HIGH
post544_img1.jpg,HIGH
post541_img1.jpg,LOW
post541_img2.jpg,LOW
post536_img1.jpg,HIGH
post537_img1.jpg,LOW
post535_img3.jpg,HIGH
post535_img2.jpg,HIGH
post535_img4.jpg,HIGH
post535_img1.jpg,HIGH
post535_img7.jpg,HIGH
post535_img5.jpg,HIGH
post535_img8.jpg,HIGH
post535_img6.jpg,HIGH
post535_img9.jpg,HIGH
post535_img10.jpg,HIGH
post534_img1.jpg,HIGH
post533_img2.jpg,HIGH
post533_img5.jpg,HIGH
post533_img1.jpg,HIGH
post533_img3.jpg,HIGH
post533_img4.jpg,HIGH
post532_img1.jpg,HIGH
post532_img2.jpg,HIGH
post532_img4.jpg,HIGH
post532_img3.jpg,HIGH
post532_img6.jpg,HIGH
post532_img5.jpg,HIGH
post530_img2.jpg,HIGH
post530_img5.jpg,HIGH
post530_img3.jpg,HIGH
post530_img1.jpg,HIGH
post530_img4.jpg,HIGH
post517_img2.jpg,HIGH
post517_img4.jpg,HIGH
post517_img6.jpg,HIGH
post517_img8.jpg,HIGH
post517_img1.jpg,HIGH
post517_img3.jpg,HIGH
post517_img7.jpg,HIGH
post517_img5.jpg,HIGH
post511_img1.jpg,HIGH
post504_img1.jpg,LOW
post501_img1.jpg,HIGH
post501_img3.jpg,HIGH
post501_img6.jpg,HIGH
post501_img7.jpg,HIGH
post501_img8.jpg,HIGH
post501_img5.jpg,HIGH
post501_img4.jpg,HIGH
post501_img2.jpg,HIGH
post499_img1.jpg,HIGH
post499_img3.jpg,HIGH
post499_img4.jpg,HIGH
