image_id,dominantColor
post499_img5.jpg,grey
post499_img2.jpg,cyan
post486_img1.jpg,brown
post490_img1.jpg,grey
post492_img3.jpg,grey
post492_img7.jpg,grey
post492_img2.jpg,grey
post492_img9.jpg,grey
post492_img8.jpg,cyan
post492_img10.jpg,grey
post492_img6.jpg,cyan
post492_img5.jpg,cyan
post492_img1.jpg,cyan
post492_img4.jpg,cyan
post485_img1.jpg,brown
post483_img1.jpg,brown
post483_img2.jpg,grey
post483_img5.jpg,white
post483_img6.jpg,cyan
post483_img4.jpg,brown
post483_img3.jpg,brown
post482_img1.jpg,red
post474_img1.jpg,red
post474_img2.jpg,pink
post479_img1.jpg,grey
post473_img1.jpg,brown
post473_img2.jpg,pink
post471_img1.jpg,red
post471_img3.jpg,red
post471_img2.jpg,red
post471_img4.jpg,red
post471_img5.jpg,brown
post478_img1.jpg,brown
post478_img4.jpg,grey
post478_img6.jpg,brown
post478_img5.jpg,brown
post478_img7.jpg,cyan
post478_img3.jpg,brown
post478_img2.jpg,grey
post476_img3.jpg,grey
post476_img4.jpg,grey
post476_img2.jpg,grey
post476_img1.jpg,grey
post476_img5.jpg,grey
post472_img1.jpg,grey
post472_img2.jpg,grey
post472_img4.jpg,grey
post472_img6.jpg,grey
post472_img5.jpg,brown
post472_img3.jpg,grey
post468_img1.jpg,grey
post468_img4.jpg,grey
post468_img2.jpg,grey
post468_img3.jpg,grey
post468_img6.jpg,grey
post468_img5.jpg,green
post468_img7.jpg,grey
post468_img8.jpg,grey
post467_img1.jpg,brown
post467_img2.jpg,red
post467_img3.jpg,grey
post467_img4.jpg,brown
post467_img5.jpg,brown
post461_img1.jpg,grey
post463_img4.jpg,cyan
post463_img2.jpg,red
post463_img5.jpg,brown
post463_img7.jpg,cyan
post463_img6.jpg,grey
post463_img3.jpg,purple
post463_img1.jpg,grey
post445_img1.jpg,green
post445_img2.jpg,blue
post445_img3.jpg,green
post449_img2.jpg,brown
post449_img3.jpg,grey
post449_img6.jpg,grey
post449_img4.jpg,grey
post449_img5.jpg,grey
post449_img7.jpg,grey
post449_img1.jpg,brown
post441_img2.jpg,cyan
post441_img1.jpg,green
post437_img1.jpg,grey
post437_img2.jpg,grey
post437_img3.jpg,grey
post434_img1.jpg,grey
post434_img2.jpg,grey
post434_img3.jpg,brown
post434_img4.jpg,brown
post434_img5.jpg,brown
post433_img3.jpg,red
post433_img1.jpg,red
post433_img5.jpg,grey
post433_img6.jpg,brown
post433_img4.jpg,brown
post433_img2.jpg,brown
post431_img1.jpg,green
post428_img1.jpg,grey
post428_img2.jpg,brown
post428_img3.jpg,blue
post424_img2.jpg,grey
post424_img3.jpg,grey
post424_img1.jpg,grey
post422_img1.jpg,grey
post422_img2.jpg,cyan
post422_img4.jpg,cyan
post422_img3.jpg,brown
post422_img5.jpg,brown
post422_img6.jpg,cyan
post422_img8.jpg,brown
post422_img9.jpg,grey
post422_img7.jpg,cyan
post422_img10.jpg,grey
post418_img2.jpg,brown
post418_img1.jpg,grey
post417_img1.jpg,grey
post416_img3.jpg,brown
post416_img4.jpg,brown
post416_img2.jpg,grey
post416_img1.jpg,grey
post415_img1.jpg,brown
post415_img2.jpg,brown
post415_img3.jpg,red
post405_img1.jpg,cyan
post405_img5.jpg,cyan
post405_img4.jpg,grey
post405_img3.jpg,grey
post405_img6.jpg,grey
post405_img2.jpg,cyan
post405_img7.jpg,cyan
post405_img10.jpg,white
post405_img8.jpg,cyan
post405_img9.jpg,grey
post405_img12.jpg,grey
post405_img11.jpg,white
post408_img1.jpg,grey
post408_img2.jpg,brown
post404_img2.jpg,grey
post404_img4.jpg,brown
post404_img3.jpg,grey
post404_img1.jpg,red
post402_img1.jpg,grey
post402_img2.jpg,grey
post400_img3.jpg,grey
post400_img1.jpg,grey
post400_img2.jpg,grey
post399_img3.jpg,brown
post399_img1.jpg,brown
post399_img2.jpg,brown
post396_img2.jpg,grey
post396_img3.jpg,red
post396_img4.jpg,brown
post396_img6.jpg,red
post396_img5.jpg,brown
post396_img1.jpg,grey
post395_img3.jpg,white
post395_img1.jpg,white
post395_img4.jpg,white
post395_img2.jpg,brown
post391_img1.jpg,brown
post378_img2.jpg,grey
post378_img1.jpg,grey
post389_img2.jpg,grey
post389_img1.jpg,grey
post389_img4.jpg,grey
post389_img3.jpg,cyan
post382_img1.jpg,brown
post382_img2.jpg,white
post382_img3.jpg,brown
post382_img4.jpg,grey
post385_img1.jpg,brown
post385_img3.jpg,grey
post385_img8.jpg,grey
post385_img5.jpg,brown
post385_img10.jpg,brown
post385_img4.jpg,grey
post385_img9.jpg,grey
post385_img7.jpg,grey
post385_img11.jpg,brown
post385_img6.jpg,grey
post385_img12.jpg,grey
post385_img2.jpg,grey
post381_img1.jpg,grey
post381_img2.jpg,white
post380_img2.jpg,brown
post380_img1.jpg,cyan
post374_img2.jpg,grey
post374_img5.jpg,grey
post374_img3.jpg,grey
post374_img1.jpg,grey
post374_img6.jpg,grey
post374_img4.jpg,grey
post373_img1.jpg,brown
post373_img2.jpg,brown
post372_img1.jpg,grey
post368_img1.jpg,brown
post368_img2.jpg,grey
post368_img3.jpg,grey
post368_img4.jpg,cyan
post368_img5.jpg,grey
post368_img6.jpg,grey
post365_img1.jpg,white
post361_img1.jpg,pink
post361_img2.jpg,red
post361_img3.jpg,red
post362_img1.jpg,grey
post362_img2.jpg,grey
post362_img4.jpg,brown
post362_img6.jpg,brown
post362_img3.jpg,grey
post362_img5.jpg,brown
post360_img1.jpg,brown
post360_img3.jpg,grey
post360_img10.jpg,cyan
post360_img8.jpg,cyan
post360_img7.jpg,red
post360_img11.jpg,grey
post360_img6.jpg,cyan
post360_img4.jpg,brown
post360_img9.jpg,brown
post360_img5.jpg,grey
post360_img2.jpg,brown
post352_img1.jpg,white
post352_img3.jpg,grey
post352_img5.jpg,grey
post352_img2.jpg,brown
post352_img7.jpg,grey
post352_img6.jpg,grey
post352_img4.jpg,grey
post349_img1.jpg,brown
post349_img8.jpg,brown
post349_img4.jpg,grey
post349_img5.jpg,cyan
post349_img3.jpg,cyan
post349_img2.jpg,cyan
post349_img9.jpg,grey
post349_img7.jpg,cyan
post349_img6.jpg,grey
post348_img1.jpg,brown
post348_img4.jpg,grey
post348_img3.jpg,brown
post348_img10.jpg,grey
post348_img5.jpg,brown
post348_img7.jpg,grey
post348_img6.jpg,brown
post348_img2.jpg,cyan
post348_img11.jpg,cyan
post348_img8.jpg,grey
post348_img12.jpg,cyan
post348_img9.jpg,cyan
post343_img1.jpg,pink
post340_img3.jpg,red
post340_img4.jpg,grey
post340_img5.jpg,cyan
post340_img7.jpg,brown
post340_img6.jpg,brown
post340_img9.jpg,red
post340_img10.jpg,red
post340_img2.jpg,brown
post340_img8.jpg,red
post340_img1.jpg,brown
post339_img1.jpg,red
post339_img2.jpg,red
post337_img1.jpg,brown
post337_img3.jpg,yellow
post337_img2.jpg,red
post333_img1.jpg,red
post329_img1.jpg,pink
post327_img1.jpg,cyan
post327_img4.jpg,red
post327_img6.jpg,grey
post327_img9.jpg,brown
post327_img7.jpg,cyan
post327_img5.jpg,grey
post327_img3.jpg,grey
post327_img8.jpg,brown
post327_img2.jpg,brown
post326_img1.jpg,brown
post320_img1.jpg,red
post318_img1.jpg,red
post312_img1.jpg,brown
post309_img5.jpg,red
post309_img8.jpg,brown
post309_img9.jpg,brown
post309_img3.jpg,brown
post309_img7.jpg,grey
post309_img2.jpg,brown
post309_img10.jpg,grey
post309_img1.jpg,brown
post309_img6.jpg,grey
post309_img4.jpg,brown
post307_img1.jpg,pink
post305_img1.jpg,brown
post305_img2.jpg,red
post302_img1.jpg,brown
post302_img3.jpg,red
post302_img4.jpg,grey
post302_img2.jpg,grey
post304_img1.jpg,brown
post304_img3.jpg,brown
post304_img2.jpg,grey
post301_img2.jpg,grey
post301_img3.jpg,brown
post301_img1.jpg,brown
post295_img2.jpg,brown
post295_img1.jpg,grey
post295_img3.jpg,grey
post290_img1.jpg,brown
post290_img2.jpg,pink
post291_img1.jpg,grey
post291_img2.jpg,brown
post289_img1.jpg,brown
post289_img8.jpg,grey
post289_img4.jpg,cyan
post289_img6.jpg,brown
post289_img2.jpg,grey
post289_img3.jpg,cyan
post289_img10.jpg,grey
post289_img9.jpg,grey
post289_img7.jpg,cyan
post289_img5.jpg,cyan
post287_img8.jpg,brown
post287_img11.jpg,red
post287_img4.jpg,brown
post287_img3.jpg,brown
post287_img5.jpg,grey
post287_img2.jpg,red
post287_img9.jpg,brown
post287_img7.jpg,brown
post287_img6.jpg,brown
post287_img1.jpg,brown
post287_img10.jpg,brown
post287_img12.jpg,brown
post279_img1.jpg,brown
post279_img2.jpg,brown
post277_img1.jpg,red
post277_img3.jpg,brown
post277_img2.jpg,red
post273_img1.jpg,brown
post273_img2.jpg,brown
post273_img3.jpg,pink
post271_img6.jpg,brown
post271_img5.jpg,brown
post271_img2.jpg,brown
post271_img4.jpg,brown
post271_img1.jpg,brown
post271_img3.jpg,brown
post265_img2.jpg,green
post265_img1.jpg,brown
post263_img1.jpg,brown
post262_img1.jpg,red
post262_img2.jpg,brown
post262_img3.jpg,brown
post262_img4.jpg,brown
post262_img5.jpg,brown
post262_img6.jpg,brown
post262_img7.jpg,red
post262_img8.jpg,brown
post260_img2.jpg,grey
post260_img3.jpg,cyan
post260_img4.jpg,grey
post260_img1.jpg,grey
post258_img1.jpg,brown
post258_img2.jpg,grey
post258_img3.jpg,red
post258_img4.jpg,red
post256_img1.jpg,brown
post256_img2.jpg,brown
post253_img1.jpg,grey
post253_img4.jpg,red
post253_img2.jpg,grey
post253_img3.jpg,grey
post251_img2.jpg,brown
post251_img1.jpg,brown
post251_img3.jpg,brown
post251_img4.jpg,pink
post254_img2.jpg,red
post254_img3.jpg,red
post254_img8.jpg,red
post254_img6.jpg,blue
post254_img10.jpg,brown
post254_img5.jpg,grey
post254_img7.jpg,cyan
post254_img9.jpg,brown
post254_img11.jpg,brown
post254_img1.jpg,brown
post254_img4.jpg,brown
post249_img1.jpg,brown
post245_img2.jpg,grey
post245_img3.jpg,cyan
post245_img1.jpg,grey
post244_img1.jpg,brown
post244_img3.jpg,brown
post244_img5.jpg,purple
post244_img4.jpg,brown
post244_img2.jpg,brown
post241_img2.jpg,brown
post241_img3.jpg,brown
post241_img4.jpg,brown
post241_img5.jpg,brown
post241_img1.jpg,brown
post235_img1.jpg,brown
post235_img2.jpg,brown
post235_img3.jpg,grey
post239_img1.jpg,brown
post239_img2.jpg,grey
post233_img1.jpg,red
post233_img4.jpg,grey
post233_img3.jpg,brown
post233_img2.jpg,brown
post233_img5.jpg,red
post233_img6.jpg,brown
post236_img4.jpg,pink
post236_img5.jpg,red
post236_img2.jpg,red
post236_img1.jpg,pink
post236_img3.jpg,brown
post232_img1.jpg,red
post232_img5.jpg,brown
post232_img3.jpg,brown
post232_img4.jpg,brown
post232_img2.jpg,brown
post230_img1.jpg,brown
post230_img2.jpg,brown
post230_img3.jpg,brown
post227_img1.jpg,grey
post227_img2.jpg,grey
post225_img1.jpg,grey
post222_img4.jpg,grey
post222_img2.jpg,red
post222_img1.jpg,pink
post222_img3.jpg,pink
post219_img1.jpg,brown
post219_img2.jpg,brown
post219_img3.jpg,cyan
post219_img4.jpg,brown
post219_img6.jpg,brown
post219_img5.jpg,cyan
post219_img7.jpg,cyan
post219_img8.jpg,brown
post219_img10.jpg,cyan
post219_img9.jpg,cyan
post219_img11.jpg,grey
post219_img13.jpg,grey
post219_img16.jpg,red
post219_img14.jpg,cyan
post219_img12.jpg,grey
post219_img15.jpg,grey
post217_img1.jpg,brown
post217_img2.jpg,grey
post217_img3.jpg,grey
post217_img4.jpg,grey
post217_img5.jpg,grey
post215_img1.jpg,cyan
post215_img3.jpg,grey
post215_img2.jpg,brown
post212_img1.jpg,red
post212_img2.jpg,brown
post212_img4.jpg,brown
post212_img3.jpg,brown
post212_img5.jpg,brown
post212_img6.jpg,brown
post212_img7.jpg,cyan
post211_img2.jpg,cyan
post211_img1.jpg,brown
post201_img1.jpg,cyan
post201_img3.jpg,cyan
post201_img4.jpg,grey
post201_img6.jpg,grey
post201_img7.jpg,grey
post201_img2.jpg,cyan
post201_img5.jpg,grey
post199_img2.jpg,cyan
post199_img3.jpg,grey
post199_img4.jpg,brown
post199_img5.jpg,grey
post199_img6.jpg,brown
post199_img13.jpg,green
post199_img7.jpg,brown
post199_img8.jpg,brown
post199_img10.jpg,grey
post199_img1.jpg,grey
post199_img9.jpg,cyan
post199_img12.jpg,purple
post199_img11.jpg,brown
post199_img14.jpg,brown
post199_img15.jpg,brown
post198_img1.jpg,red
post198_img2.jpg,red
post198_img4.jpg,grey
post198_img3.jpg,grey
post198_img5.jpg,cyan
post198_img6.jpg,pink
post198_img7.jpg,cyan
post198_img8.jpg,grey
post198_img9.jpg,grey
post187_img1.jpg,brown
post187_img4.jpg,grey
post187_img3.jpg,brown
post187_img2.jpg,brown
post182_img3.jpg,grey
post182_img4.jpg,pink
post182_img2.jpg,brown
post182_img1.jpg,grey
post181_img1.jpg,brown
post181_img3.jpg,brown
post181_img2.jpg,pink
post178_img2.jpg,brown
post178_img1.jpg,brown
post178_img3.jpg,purple
post174_img1.jpg,cyan
post174_img2.jpg,grey
post174_img4.jpg,grey
post174_img5.jpg,cyan
post174_img3.jpg,grey
post174_img6.jpg,grey
post174_img7.jpg,brown
post174_img12.jpg,grey
post174_img10.jpg,grey
post174_img9.jpg,cyan
post174_img8.jpg,grey
post174_img11.jpg,purple
post170_img2.jpg,grey
post170_img1.jpg,grey
post170_img3.jpg,brown
post167_img1.jpg,brown
post175_img2.jpg,brown
post175_img1.jpg,grey
post175_img3.jpg,brown
post175_img4.jpg,grey
post347_img1.jpg,brown
post347_img2.jpg,red
post345_img2.jpg,grey
post345_img5.jpg,grey
post345_img3.jpg,cyan
post345_img1.jpg,grey
post345_img4.jpg,red
post341_img1.jpg,grey
post338_img1.jpg,brown
post334_img2.jpg,brown
post334_img1.jpg,cyan
post323_img1.jpg,red
post317_img2.jpg,pink
post317_img1.jpg,pink
post313_img1.jpg,brown
post313_img2.jpg,brown
post173_img2.jpg,grey
post173_img3.jpg,cyan
post173_img4.jpg,grey
post173_img5.jpg,grey
post173_img1.jpg,grey
post162_img1.jpg,brown
post165_img1.jpg,brown
post155_img1.jpg,brown
post166_img1.jpg,brown
post166_img2.jpg,brown
post164_img1.jpg,grey
post164_img2.jpg,grey
post164_img3.jpg,grey
post158_img9.jpg,brown
post158_img6.jpg,cyan
post158_img3.jpg,red
post158_img2.jpg,grey
post158_img1.jpg,brown
post158_img5.jpg,grey
post158_img4.jpg,cyan
post158_img10.jpg,brown
post158_img7.jpg,brown
post158_img8.jpg,grey
post491_img6.jpg,grey
post491_img8.jpg,grey
post491_img1.jpg,grey
post491_img4.jpg,grey
post491_img7.jpg,grey
post491_img3.jpg,brown
post491_img2.jpg,brown
post491_img5.jpg,grey
post475_img1.jpg,grey
post475_img2.jpg,brown
post153_img1.jpg,grey
post153_img3.jpg,brown
post153_img2.jpg,grey
post150_img4.jpg,grey
post150_img2.jpg,grey
post150_img1.jpg,grey
post150_img3.jpg,brown
post148_img3.jpg,cyan
post148_img1.jpg,brown
post148_img4.jpg,brown
post148_img5.jpg,cyan
post148_img2.jpg,grey
post148_img6.jpg,grey
post147_img2.jpg,grey
post147_img6.jpg,grey
post147_img1.jpg,brown
post147_img5.jpg,red
post147_img3.jpg,grey
post147_img8.jpg,brown
post147_img4.jpg,brown
post147_img7.jpg,grey
post146_img3.jpg,brown
post146_img1.jpg,brown
post146_img5.jpg,grey
post146_img6.jpg,grey
post146_img4.jpg,red
post146_img2.jpg,brown
post143_img1.jpg,pink
post140_img2.jpg,pink
post140_img4.jpg,brown
post140_img1.jpg,grey
post140_img3.jpg,red
post139_img3.jpg,brown
post139_img4.jpg,red
post139_img5.jpg,brown
post139_img7.jpg,brown
post139_img6.jpg,brown
post139_img13.jpg,cyan
post139_img14.jpg,red
post139_img8.jpg,grey
post139_img15.jpg,cyan
post139_img2.jpg,red
post139_img9.jpg,brown
post139_img10.jpg,grey
post139_img11.jpg,brown
post139_img12.jpg,cyan
post139_img16.jpg,brown
post139_img17.jpg,cyan
post139_img1.jpg,red
post138_img4.jpg,brown
post138_img2.jpg,grey
post138_img3.jpg,brown
post138_img1.jpg,cyan
post135_img1.jpg,brown
post135_img2.jpg,brown
post134_img2.jpg,brown
post134_img3.jpg,grey
post134_img1.jpg,brown
post133_img4.jpg,brown
post133_img2.jpg,brown
post133_img1.jpg,brown
post133_img3.jpg,brown
post129_img1.jpg,brown
post129_img2.jpg,red
post126_img6.jpg,red
post126_img8.jpg,brown
post126_img2.jpg,grey
post126_img4.jpg,brown
post126_img3.jpg,brown
post126_img1.jpg,brown
post126_img5.jpg,brown
post126_img7.jpg,brown
post125_img2.jpg,red
post125_img3.jpg,brown
post125_img4.jpg,brown
post125_img1.jpg,brown
post124_img2.jpg,brown
post124_img1.jpg,green
post124_img3.jpg,red
post124_img4.jpg,brown
post122_img3.jpg,grey
post122_img1.jpg,red
post122_img2.jpg,red
post120_img2.jpg,grey
post120_img3.jpg,red
post120_img4.jpg,brown
post120_img5.jpg,brown
post120_img1.jpg,brown
post117_img1.jpg,brown
post117_img3.jpg,brown
post117_img2.jpg,brown
post116_img1.jpg,cyan
post115_img3.jpg,grey
post115_img2.jpg,brown
post115_img7.jpg,brown
post115_img4.jpg,grey
post115_img6.jpg,grey
post115_img9.jpg,grey
post115_img8.jpg,brown
post115_img11.jpg,grey
post115_img5.jpg,brown
post115_img10.jpg,cyan
post115_img1.jpg,brown
post114_img3.jpg,grey
post114_img4.jpg,grey
post114_img6.jpg,brown
post114_img8.jpg,grey
post114_img10.jpg,red
post114_img9.jpg,brown
post114_img1.jpg,brown
post114_img5.jpg,brown
post114_img7.jpg,brown
post114_img2.jpg,grey
post112_img2.jpg,brown
post112_img1.jpg,red
post112_img3.jpg,grey
post110_img3.jpg,red
post110_img5.jpg,red
post110_img1.jpg,brown
post110_img2.jpg,brown
post110_img4.jpg,brown
post107_img2.jpg,brown
post107_img1.jpg,brown
post107_img3.jpg,red
post107_img4.jpg,brown
post107_img5.jpg,brown
post106_img1.jpg,grey
post105_img1.jpg,brown
post105_img2.jpg,red
post105_img3.jpg,grey
post103_img4.jpg,brown
post103_img2.jpg,brown
post103_img1.jpg,brown
post103_img3.jpg,brown
post103_img5.jpg,brown
post102_img2.jpg,brown
post102_img1.jpg,brown
post102_img3.jpg,brown
post102_img4.jpg,brown
post102_img5.jpg,brown
post102_img6.jpg,brown
post101_img7.jpg,red
post101_img2.jpg,brown
post101_img1.jpg,grey
post101_img3.jpg,grey
post101_img4.jpg,brown
post101_img5.jpg,brown
post101_img6.jpg,brown
post100_img3.jpg,grey
post100_img1.jpg,grey
post100_img6.jpg,pink
post100_img4.jpg,brown
post100_img7.jpg,brown
post100_img9.jpg,grey
post100_img10.jpg,pink
post100_img2.jpg,red
post100_img5.jpg,brown
post100_img8.jpg,brown
post100_img11.jpg,brown
post99_img2.jpg,grey
post99_img5.jpg,brown
post99_img6.jpg,brown
post99_img3.jpg,brown
post99_img1.jpg,grey
post99_img4.jpg,grey
post98_img1.jpg,brown
post98_img5.jpg,brown
post98_img6.jpg,pink
post98_img2.jpg,brown
post98_img4.jpg,brown
post98_img3.jpg,grey
post95_img1.jpg,grey
post95_img2.jpg,green
post95_img3.jpg,brown
post94_img2.jpg,brown
post94_img1.jpg,grey
post94_img3.jpg,grey
post92_img1.jpg,brown
post92_img4.jpg,cyan
post92_img3.jpg,grey
post92_img2.jpg,brown
post92_img5.jpg,brown
post91_img1.jpg,brown
post91_img3.jpg,grey
post91_img2.jpg,brown
post88_img1.jpg,brown
post88_img4.jpg,grey
post88_img3.jpg,grey
post88_img2.jpg,brown
post88_img5.jpg,grey
post88_img6.jpg,grey
post85_img2.jpg,purple
post85_img5.jpg,grey
post85_img6.jpg,grey
post85_img1.jpg,brown
post85_img3.jpg,purple
post85_img4.jpg,brown
post86_img1.jpg,cyan
post86_img3.jpg,brown
post86_img4.jpg,grey
post86_img2.jpg,brown
post84_img2.jpg,grey
post84_img4.jpg,brown
post84_img3.jpg,grey
post84_img5.jpg,grey
post84_img1.jpg,grey
post83_img1.jpg,brown
post83_img2.jpg,brown
post83_img3.jpg,brown
post82_img1.jpg,red
post82_img3.jpg,brown
post82_img4.jpg,brown
post82_img2.jpg,brown
post80_img3.jpg,white
post80_img1.jpg,red
post80_img2.jpg,brown
post79_img2.jpg,white
post79_img3.jpg,grey
post79_img1.jpg,brown
post78_img3.jpg,grey
post78_img1.jpg,brown
post78_img4.jpg,brown
post78_img2.jpg,brown
post75_img2.jpg,grey
post75_img3.jpg,brown
post75_img1.jpg,grey
post74_img2.jpg,cyan
post74_img1.jpg,grey
post74_img3.jpg,cyan
post73_img1.jpg,brown
post73_img2.jpg,brown
post73_img3.jpg,brown
post63_img6.jpg,white
post63_img2.jpg,grey
post63_img4.jpg,pink
post63_img5.jpg,pink
post63_img1.jpg,purple
post63_img3.jpg,white
post65_img4.jpg,pink
post65_img9.jpg,pink
post65_img10.jpg,pink
post65_img1.jpg,pink
post65_img8.jpg,pink
post65_img3.jpg,cyan
post65_img2.jpg,green
post65_img5.jpg,grey
post65_img6.jpg,grey
post65_img7.jpg,brown
post62_img1.jpg,grey
post62_img4.jpg,green
post62_img2.jpg,grey
post62_img8.jpg,brown
post62_img5.jpg,grey
post62_img9.jpg,grey
post62_img6.jpg,grey
post62_img11.jpg,brown
post62_img3.jpg,brown
post62_img7.jpg,cyan
post62_img10.jpg,brown
post61_img1.jpg,brown
post61_img2.jpg,brown
post61_img4.jpg,brown
post61_img5.jpg,white
post61_img3.jpg,white
post53_img3.jpg,red
post53_img1.jpg,red
post53_img2.jpg,red
post55_img5.jpg,pink
post55_img1.jpg,pink
post55_img3.jpg,white
post55_img2.jpg,grey
post55_img4.jpg,brown
post51_img1.jpg,pink
post51_img3.jpg,white
post51_img2.jpg,brown
post49_img3.jpg,white
post49_img1.jpg,white
post49_img4.jpg,grey
post49_img2.jpg,brown
post49_img5.jpg,brown
post47_img1.jpg,brown
post47_img3.jpg,grey
post47_img4.jpg,red
post47_img2.jpg,grey
post46_img1.jpg,pink
post46_img2.jpg,orange
post46_img3.jpg,brown
post46_img4.jpg,green
post46_img5.jpg,green
post46_img6.jpg,no color found
post44_img1.jpg,grey
post44_img4.jpg,white
post44_img2.jpg,grey
post44_img5.jpg,brown
post44_img3.jpg,grey
post43_img1.jpg,grey
post43_img2.jpg,cyan
post43_img4.jpg,grey
post43_img3.jpg,brown
post43_img6.jpg,cyan
post43_img5.jpg,grey
post43_img7.jpg,brown
post43_img9.jpg,grey
post43_img10.jpg,cyan
post43_img8.jpg,cyan
post42_img3.jpg,pink
post42_img5.jpg,cyan
post42_img2.jpg,cyan
post42_img1.jpg,brown
post42_img4.jpg,brown
post42_img6.jpg,brown
post40_img1.jpg,brown
post40_img2.jpg,red
post40_img3.jpg,brown
post40_img4.jpg,brown
post37_img1.jpg,red
post37_img2.jpg,brown
post37_img3.jpg,pink
post36_img1.jpg,red
post36_img3.jpg,brown
post36_img2.jpg,brown
post35_img3.jpg,brown
post35_img5.jpg,brown
post35_img1.jpg,brown
post35_img2.jpg,red
post35_img4.jpg,brown
post35_img6.jpg,brown
post34_img2.jpg,red
post34_img4.jpg,brown
post34_img1.jpg,brown
post34_img3.jpg,brown
post34_img5.jpg,brown
post31_img3.jpg,brown
post31_img5.jpg,red
post31_img2.jpg,brown
post31_img1.jpg,red
post31_img4.jpg,brown
post28_img1.jpg,cyan
post28_img4.jpg,pink
post28_img5.jpg,cyan
post28_img6.jpg,pink
post28_img2.jpg,brown
post28_img9.jpg,cyan
post28_img7.jpg,grey
post28_img8.jpg,cyan
post28_img10.jpg,brown
post28_img11.jpg,cyan
post28_img3.jpg,purple
post24_img1.jpg,brown
post24_img5.jpg,red
post24_img2.jpg,brown
post24_img4.jpg,brown
post24_img3.jpg,brown
post26_img2.jpg,brown
post26_img1.jpg,brown
post26_img3.jpg,brown
post26_img4.jpg,pink
post23_img1.jpg,brown
post23_img7.jpg,brown
post23_img4.jpg,brown
post23_img5.jpg,red
post23_img3.jpg,brown
post23_img6.jpg,brown
post23_img2.jpg,red
post21_img1.jpg,brown
post21_img4.jpg,brown
post21_img3.jpg,pink
post21_img2.jpg,pink
post19_img1.jpg,red
post19_img3.jpg,red
post19_img5.jpg,brown
post19_img2.jpg,red
post19_img4.jpg,brown
post12_img1.jpg,brown
post12_img2.jpg,brown
post12_img3.jpg,brown
post12_img4.jpg,red
post18_img2.jpg,brown
post18_img3.jpg,brown
post18_img1.jpg,brown
post18_img4.jpg,brown
post15_img1.jpg,red
post15_img4.jpg,brown
post15_img2.jpg,brown
post15_img3.jpg,red
post15_img5.jpg,green
post14_img4.jpg,pink
post14_img3.jpg,brown
post14_img2.jpg,brown
post14_img1.jpg,red
post11_img1.jpg,brown
post11_img3.jpg,cyan
post11_img2.jpg,red
post11_img4.jpg,red
post10_img1.jpg,brown
post10_img2.jpg,brown
post10_img4.jpg,pink
post10_img5.jpg,brown
post10_img3.jpg,red
post9_img2.jpg,grey
post9_img1.jpg,brown
post7_img5.jpg,brown
post7_img3.jpg,brown
post7_img4.jpg,brown
post7_img1.jpg,brown
post7_img2.jpg,brown
post6_img1.jpg,brown
post6_img2.jpg,grey
post6_img3.jpg,grey
post6_img4.jpg,brown
post4_img1.jpg,brown
post4_img4.jpg,red
post4_img3.jpg,brown
post4_img2.jpg,brown
post5_img4.jpg,pink
post5_img1.jpg,pink
post5_img2.jpg,cyan
post5_img6.jpg,brown
post5_img5.jpg,brown
post5_img3.jpg,red
post1034_img1.jpg,red
post1036_img1.jpg,brown
post1036_img2.jpg,brown
post1036_img3.jpg,red
post1032_img1.jpg,brown
post1033_img1.jpg,grey
post1027_img1.jpg,brown
post1027_img2.jpg,brown
post1027_img3.jpg,brown
post1027_img4.jpg,brown
post1026_img1.jpg,grey
post1024_img1.jpg,red
post1024_img2.jpg,grey
post1024_img3.jpg,brown
post1024_img4.jpg,brown
post1024_img5.jpg,brown
post1022_img1.jpg,brown
post1021_img1.jpg,brown
post1014_img1.jpg,pink
post1012_img1.jpg,grey
post1012_img2.jpg,grey
post1009_img1.jpg,grey
post1005_img1.jpg,grey
post1006_img1.jpg,brown
post1003_img1.jpg,grey
post1002_img1.jpg,brown
post1000_img1.jpg,grey
post1000_img4.jpg,brown
post1000_img3.jpg,brown
post1000_img2.jpg,brown
post1000_img5.jpg,cyan
post1000_img6.jpg,brown
post1000_img7.jpg,cyan
post1000_img8.jpg,brown
post997_img1.jpg,brown
post997_img2.jpg,red
post995_img1.jpg,brown
post995_img2.jpg,brown
post995_img3.jpg,brown
post995_img4.jpg,brown
post995_img5.jpg,brown
post992_img1.jpg,cyan
post992_img2.jpg,brown
post992_img4.jpg,grey
post992_img3.jpg,grey
post991_img1.jpg,brown
post989_img1.jpg,pink
post988_img1.jpg,brown
post988_img2.jpg,cyan
post988_img3.jpg,brown
post988_img4.jpg,yellow
post980_img1.jpg,brown
post977_img1.jpg,cyan
post977_img2.jpg,cyan
post977_img3.jpg,grey
post977_img4.jpg,brown
post977_img5.jpg,brown
post977_img6.jpg,cyan
post977_img9.jpg,grey
post977_img7.jpg,grey
post977_img10.jpg,grey
post977_img8.jpg,brown
post974_img1.jpg,brown
post972_img1.jpg,red
post970_img1.jpg,brown
post969_img2.jpg,grey
post969_img1.jpg,blue
post965_img1.jpg,red
post962_img1.jpg,brown
post949_img1.jpg,brown
post944_img1.jpg,brown
post957_img2.jpg,red
post957_img3.jpg,pink
post957_img4.jpg,red
post957_img5.jpg,red
post957_img1.jpg,cyan
post946_img1.jpg,pink
post946_img2.jpg,brown
post943_img1.jpg,red
post943_img2.jpg,brown
post942_img1.jpg,grey
post938_img1.jpg,brown
post937_img1.jpg,brown
post934_img1.jpg,pink
post930_img1.jpg,brown
post930_img2.jpg,brown
post930_img3.jpg,brown
post930_img4.jpg,brown
post930_img5.jpg,brown
post927_img1.jpg,pink
post927_img3.jpg,red
post927_img2.jpg,pink
post919_img1.jpg,brown
post919_img2.jpg,brown
post919_img3.jpg,grey
post919_img5.jpg,grey
post919_img4.jpg,brown
post925_img1.jpg,grey
post923_img1.jpg,brown
post923_img2.jpg,brown
post923_img3.jpg,brown
post921_img2.jpg,brown
post921_img4.jpg,grey
post921_img3.jpg,yellow
post921_img1.jpg,brown
post917_img1.jpg,grey
post917_img2.jpg,red
post917_img3.jpg,red
post917_img4.jpg,red
post917_img5.jpg,grey
post917_img6.jpg,brown
post911_img1.jpg,pink
post911_img2.jpg,red
post905_img2.jpg,cyan
post905_img1.jpg,grey
post905_img3.jpg,cyan
post905_img4.jpg,pink
post903_img2.jpg,cyan
post903_img1.jpg,brown
post903_img4.jpg,grey
post903_img3.jpg,cyan
post903_img9.jpg,cyan
post903_img7.jpg,grey
post903_img6.jpg,grey
post903_img8.jpg,grey
post903_img10.jpg,cyan
post903_img5.jpg,cyan
post896_img1.jpg,grey
post896_img2.jpg,grey
post895_img3.jpg,grey
post895_img2.jpg,grey
post895_img1.jpg,brown
post892_img1.jpg,cyan
post892_img2.jpg,white
post892_img3.jpg,grey
post892_img4.jpg,grey
post892_img5.jpg,white
post891_img1.jpg,pink
post889_img1.jpg,brown
post887_img1.jpg,brown
post887_img2.jpg,cyan
post887_img3.jpg,brown
post887_img6.jpg,brown
post887_img7.jpg,grey
post887_img8.jpg,grey
post887_img5.jpg,grey
post887_img4.jpg,grey
post885_img1.jpg,pink
post883_img1.jpg,red
post880_img1.jpg,red
post877_img1.jpg,red
post876_img2.jpg,brown
post876_img1.jpg,grey
post875_img1.jpg,red
post868_img1.jpg,brown
post868_img2.jpg,brown
post868_img3.jpg,brown
post868_img4.jpg,brown
post865_img1.jpg,grey
post862_img1.jpg,grey
post862_img3.jpg,grey
post862_img2.jpg,grey
post858_img1.jpg,grey
post858_img2.jpg,grey
post857_img1.jpg,pink
post857_img2.jpg,red
post854_img1.jpg,brown
post853_img1.jpg,pink
post838_img1.jpg,brown
post838_img2.jpg,brown
post838_img3.jpg,brown
post838_img4.jpg,brown
post838_img5.jpg,grey
post838_img7.jpg,grey
post838_img8.jpg,grey
post838_img6.jpg,grey
post815_img1.jpg,red
post829_img2.jpg,red
post829_img1.jpg,brown
post829_img3.jpg,brown
post829_img4.jpg,grey
post823_img1.jpg,cyan
post823_img3.jpg,red
post823_img2.jpg,brown
post823_img4.jpg,brown
post823_img6.jpg,grey
post823_img5.jpg,yellow
post823_img10.jpg,grey
post823_img8.jpg,brown
post823_img7.jpg,cyan
post823_img9.jpg,grey
post821_img1.jpg,white
post806_img1.jpg,grey
post806_img2.jpg,red
post806_img3.jpg,brown
post806_img4.jpg,brown
post806_img5.jpg,brown
post805_img2.jpg,red
post805_img3.jpg,brown
post805_img4.jpg,brown
post805_img5.jpg,brown
post805_img1.jpg,grey
post812_img1.jpg,grey
post804_img1.jpg,grey
post802_img1.jpg,brown
post788_img1.jpg,brown
post799_img1.jpg,cyan
post799_img2.jpg,cyan
post799_img4.jpg,brown
post799_img3.jpg,grey
post799_img5.jpg,cyan
post799_img6.jpg,cyan
post797_img1.jpg,cyan
post783_img1.jpg,grey
post783_img3.jpg,red
post783_img2.jpg,brown
post790_img1.jpg,brown
post790_img2.jpg,brown
post790_img4.jpg,brown
post790_img3.jpg,brown
post790_img5.jpg,brown
post790_img6.jpg,brown
post789_img1.jpg,pink
post787_img1.jpg,grey
post787_img2.jpg,grey
post787_img3.jpg,brown
post787_img4.jpg,brown
post780_img1.jpg,red
post767_img1.jpg,red
post779_img1.jpg,red
post777_img1.jpg,brown
post777_img2.jpg,brown
post776_img1.jpg,red
post775_img1.jpg,brown
post772_img1.jpg,pink
post766_img1.jpg,grey
post760_img1.jpg,pink
post760_img2.jpg,cyan
post760_img3.jpg,cyan
post760_img4.jpg,grey
post760_img5.jpg,brown
post759_img1.jpg,grey
post758_img1.jpg,red
post757_img1.jpg,red
post755_img1.jpg,brown
post754_img1.jpg,pink
post753_img1.jpg,red
post743_img1.jpg,pink
post742_img2.jpg,cyan
post742_img1.jpg,cyan
post742_img3.jpg,green
post742_img4.jpg,cyan
post744_img1.jpg,brown
post741_img1.jpg,red
post738_img1.jpg,brown
post738_img2.jpg,brown
post734_img2.jpg,brown
post734_img1.jpg,red
post731_img1.jpg,pink
post729_img1.jpg,grey
post720_img1.jpg,cyan
post713_img1.jpg,brown
post713_img3.jpg,brown
post713_img5.jpg,grey
post713_img2.jpg,grey
post713_img4.jpg,brown
post702_img1.jpg,pink
post699_img1.jpg,brown
post697_img1.jpg,grey
post697_img3.jpg,grey
post697_img2.jpg,grey
post697_img4.jpg,grey
post686_img3.jpg,grey
post686_img1.jpg,grey
post686_img2.jpg,grey
post686_img4.jpg,brown
post690_img1.jpg,pink
post682_img1.jpg,orange
post682_img2.jpg,pink
post682_img4.jpg,grey
post682_img3.jpg,brown
post682_img5.jpg,cyan
post682_img6.jpg,no color found
post680_img1.jpg,grey
post680_img4.jpg,blue
post680_img2.jpg,brown
post680_img3.jpg,grey
post680_img6.jpg,blue
post680_img5.jpg,brown
post674_img1.jpg,brown
post670_img1.jpg,grey
post669_img1.jpg,grey
post669_img3.jpg,grey
post669_img4.jpg,grey
post669_img2.jpg,grey
post663_img1.jpg,cyan
post663_img2.jpg,cyan
post660_img1.jpg,brown
post660_img2.jpg,grey
post660_img3.jpg,brown
post660_img4.jpg,grey
post660_img5.jpg,brown
post660_img6.jpg,grey
post660_img7.jpg,grey
post648_img2.jpg,grey
post648_img1.jpg,pink
post648_img4.jpg,grey
post648_img3.jpg,brown
post642_img1.jpg,grey
post642_img2.jpg,brown
post642_img3.jpg,red
post642_img4.jpg,brown
post642_img7.jpg,grey
post642_img5.jpg,brown
post642_img8.jpg,brown
post642_img6.jpg,cyan
post639_img2.jpg,grey
post639_img1.jpg,red
post639_img3.jpg,green
post639_img4.jpg,grey
post639_img5.jpg,grey
post639_img6.jpg,grey
post638_img2.jpg,grey
post638_img1.jpg,grey
post638_img4.jpg,grey
post638_img3.jpg,brown
post638_img5.jpg,brown
post636_img1.jpg,brown
post636_img3.jpg,grey
post636_img2.jpg,grey
post636_img4.jpg,brown
post636_img6.jpg,grey
post636_img5.jpg,grey
post631_img1.jpg,brown
post629_img1.jpg,brown
post629_img2.jpg,cyan
post629_img3.jpg,grey
post624_img1.jpg,grey
post624_img2.jpg,grey
post624_img3.jpg,brown
post624_img4.jpg,brown
post613_img2.jpg,grey
post613_img1.jpg,brown
post613_img3.jpg,green
post613_img5.jpg,grey
post613_img6.jpg,cyan
post613_img4.jpg,brown
post613_img7.jpg,brown
post604_img1.jpg,white
post605_img3.jpg,pink
post605_img1.jpg,red
post605_img2.jpg,purple
post602_img1.jpg,white
post600_img1.jpg,white
post599_img1.jpg,no color found
post599_img2.jpg,brown
post598_img2.jpg,pink
post598_img1.jpg,pink
post598_img3.jpg,purple
post597_img1.jpg,grey
post596_img1.jpg,white
post594_img1.jpg,brown
post594_img3.jpg,grey
post594_img2.jpg,grey
post590_img1.jpg,grey
post590_img2.jpg,grey
post590_img3.jpg,grey
post590_img4.jpg,grey
post590_img5.jpg,brown
post590_img6.jpg,grey
post590_img7.jpg,cyan
post575_img1.jpg,white
post569_img1.jpg,grey
post569_img2.jpg,grey
post571_img1.jpg,grey
post566_img1.jpg,brown
post565_img7.jpg,brown
post565_img6.jpg,brown
post565_img5.jpg,brown
post565_img2.jpg,brown
post565_img1.jpg,brown
post565_img3.jpg,brown
post565_img4.jpg,brown
post564_img1.jpg,brown
post564_img2.jpg,brown
post564_img3.jpg,brown
post564_img4.jpg,brown
post563_img1.jpg,grey
post563_img2.jpg,grey
post563_img3.jpg,grey
post563_img4.jpg,brown
post558_img4.jpg,red
post558_img1.jpg,red
post558_img7.jpg,brown
post558_img9.jpg,red
post558_img8.jpg,brown
post558_img6.jpg,brown
post558_img5.jpg,red
post558_img2.jpg,brown
post558_img3.jpg,brown
post558_img10.jpg,red
post557_img1.jpg,grey
post545_img1.jpg,brown
post545_img2.jpg,brown
post556_img1.jpg,brown
post556_img2.jpg,brown
post556_img3.jpg,grey
post556_img4.jpg,grey
post556_img5.jpg,brown
post556_img6.jpg,blue
post551_img2.jpg,grey
post551_img1.jpg,grey
post551_img4.jpg,grey
post551_img5.jpg,grey
post551_img6.jpg,grey
post551_img7.jpg,brown
post551_img8.jpg,grey
post551_img9.jpg,grey
post551_img10.jpg,grey
post551_img3.jpg,grey
post544_img1.jpg,cyan
post541_img1.jpg,white
post541_img2.jpg,white
post536_img1.jpg,brown
post537_img1.jpg,white
post535_img3.jpg,grey
post535_img2.jpg,grey
post535_img4.jpg,grey
post535_img1.jpg,red
post535_img7.jpg,grey
post535_img5.jpg,grey
post535_img8.jpg,grey
post535_img6.jpg,grey
post535_img9.jpg,grey
post535_img10.jpg,cyan
post534_img1.jpg,brown
post533_img2.jpg,cyan
post533_img5.jpg,brown
post533_img1.jpg,red
post533_img3.jpg,brown
post533_img4.jpg,brown
post532_img1.jpg,brown
post532_img2.jpg,grey
post532_img4.jpg,grey
post532_img3.jpg,brown
post532_img6.jpg,cyan
post532_img5.jpg,cyan
post530_img2.jpg,grey
post530_img5.jpg,white
post530_img3.jpg,cyan
post530_img1.jpg,cyan
post530_img4.jpg,brown
post517_img2.jpg,brown
post517_img4.jpg,brown
post517_img6.jpg,brown
post517_img8.jpg,cyan
post517_img1.jpg,brown
post517_img3.jpg,brown
post517_img7.jpg,brown
post517_img5.jpg,brown
post511_img1.jpg,yellow
post504_img1.jpg,white
post501_img1.jpg,brown
post501_img3.jpg,cyan
post501_img6.jpg,cyan
post501_img7.jpg,red
post501_img8.jpg,cyan
post501_img5.jpg,grey
post501_img4.jpg,purple
post501_img2.jpg,grey
post499_img1.jpg,grey
post499_img3.jpg,cyan
post499_img4.jpg,grey
